,Name,Age
0,Robert Hamilton,69
1,Michele Graves,86
2,Heather Silva,70
3,Cynthia Allen,73
4,Austin Young,58
5,Adam Harris,81
6,Greg Potts,57
7,Kimberly Andrade,60
8,Joseph Martin,55
9,Grace Mueller,54
10,Rebecca Sanders,94
11,Lindsay Orr,90
12,Thomas Orr,56
13,Samantha Simpson,69
14,David Smith,94
15,Susan Robinson,96
16,Virginia Martin,85
17,Shannon Wells,88
18,Travis Campbell,51
19,Shannon Morrow,93
20,Lisa Henry,67
21,David Evans,96
22,Morgan Gallagher,55
23,Alexander Phillips,76
24,Timothy Smith,81
25,Joseph Santos,85
26,Jennifer Stuart,93
27,Gina Martin,69
28,Jessica Townsend,51
29,Lisa Bradshaw,61
30,Rebecca Patterson,67
31,Brian Garcia,55
32,Kyle Huang,70
33,Nicholas Dunn,97
34,Erica Wu,52
35,Lisa Simpson,69
36,William Chavez,90
37,Heidi Lopez,98
38,Aaron Adams,59
39,Michael Rubio,97
40,Stephanie Hebert,99
41,Scott Robinson,99
42,Shannon Larson,88
43,Kelsey Maxwell,64
44,Ronald Ramirez,84
45,Aaron Parker,54
46,Matthew Horn,73
47,Nathaniel Odonnell,87
48,Christopher White,85
49,Sophia Miller,82
50,Antonio Jones,64
51,Luis Meyer,59
52,Cynthia Koch,99
53,Peter Perez,80
54,Rebecca Higgins,83
55,Julie Price,55
56,Nicole Hernandez,91
57,Jonathan George,58
58,Christopher Parker,75
59,Eric Gutierrez,64
60,Lindsay Huynh,96
61,Joshua Hall,97
62,Clifford Sherman,99
63,Michelle Johnson,55
64,Kevin Powell,91
65,Gwendolyn Rodriguez,83
66,Anthony Bean,76
67,James Oliver,81
68,Lorraine Turner MD,84
69,David Hunter,79
70,Linda Martinez,96
71,Daniel Wheeler,95
72,Daniel Cooper,51
73,Michael Guerra,63
74,Brian Thompson,68
75,Timothy Bowman,83
76,Nancy Pacheco,100
77,Kristin Mccoy,50
78,Randall Floyd,88
79,Tiffany Tran,60
80,Allison Barrett,80
81,Brittany Ward,91
82,Brian Marshall,77
83,Michele Ochoa,80
84,David Randolph,89
85,Kimberly Martinez,51
86,Thomas Li,54
87,Carolyn Davis,77
88,Heather Walker,88
89,Lisa Pope,88
90,Danny Hernandez,99
91,David Benson,81
92,Paul Mcdonald,97
93,Mark Smith,64
94,Nicole Benson,74
95,Andrea Sparks,90
96,James Guzman,100
97,Megan Hill,86
98,Antonio Ward,92
99,Amy Martinez,61
100,Danielle Carney,81
101,Meagan Ponce,82
102,Tracy Hart,85
103,Michael Rowe,94
104,Richard Townsend,94
105,Gabriel Lloyd,94
